name,price,cashback(%),location,rating,sold,status,link,image,seller
"FREE Botol LocknLock 1,5L",Rp10.000.000,Cashback 5%,Dilayani Tokopedia,,,Official Store,https://www.tokopedia.com/unilever/free-botol-locknlock-1-5l?extParam=src%3Dshop%26whid%3D13056835,https://images.tokopedia.net/img/cache/200-square/VqbcmM/2023/11/9/87db4b59-911d-453f-aec1-9a0a4316b600.jpg,unilever
FREE Pepsodent Kids TB Extra Soft,Rp10.000.000,Cashback 5%,Dilayani Tokopedia,,,Official Store,https://www.tokopedia.com/unilever/free-pepsodent-kids-tb-extra-soft?extParam=src%3Dshop%26whid%3D13056835,https://images.tokopedia.net/img/cache/200-square/VqbcmM/2023/11/9/178cbec9-05ff-407d-bf40-f8cd7abd8371.jpg,unilever
FREE Zwitsal Baby Guard Lotion Tube 100Ml,Rp10.000.000,Cashback 5%,Dilayani Tokopedia,,,Official Store,https://www.tokopedia.com/unilever/free-zwitsal-baby-guard-lotion-tube-100ml?extParam=src%3Dshop%26whid%3D13056835,https://images.tokopedia.net/img/cache/200-square/VqbcmM/2023/11/6/383b055d-d516-45ec-8ef6-f1f1558f5093.jpg,unilever
FREE Board Game Lifebuoy,Rp10.000.000,Cashback 5%,Dilayani Tokopedia,,,Official Store,https://www.tokopedia.com/unilever/free-board-game-lifebuoy?extParam=src%3Dshop%26whid%3D13056835,https://images.tokopedia.net/img/cache/200-square/VqbcmM/2023/11/6/f4e6c148-6cb2-4323-a9dd-d567c8072ed8.jpg,unilever
Buy 2 Rinso Lavender Fresh&Rinso Matic Front Load 1.45 FREE Bantal,Rp213.200,Cashback 5%,Dilayani Tokopedia,5.0,15 terjual,Official Store,https://www.tokopedia.com/unilever/buy-2-rinso-lavender-fresh-rinso-matic-front-load-1-45-free-bantal?extParam=src%3Dshop%26whid%3D13056835,https://images.tokopedia.net/img/cache/200-square/VqbcmM/2023/11/5/87a617de-7717-442c-9cff-5f8ceb33d05c.jpg,unilever
Molto AIO Pink 720ml + Molto AIO Blue 720ml FREE Domi Sarung Bantal,Rp55.300,Cashback 5%,Dilayani Tokopedia,5.0,22 terjual,Official Store,https://www.tokopedia.com/unilever/molto-aio-pink-720ml-molto-aio-blue-720ml-free-domi-sarung-bantal?extParam=src%3Dshop%26whid%3D13056835,https://images.tokopedia.net/img/cache/200-square/VqbcmM/2023/11/13/df1c9c88-124f-4209-a1c8-bb6fe4c9dd47.jpg,unilever
"Molto Pure 1,6L+Molto Beads Fresh Blossom FREE Domi Guling Microfiber",Rp158.400,Cashback 5%,Dilayani Tokopedia,5.0,8 terjual,Official Store,https://www.tokopedia.com/unilever/molto-pure-1-6l-molto-beads-fresh-blossom-free-domi-guling-microfiber?extParam=src%3Dshop%26whid%3D13056835,https://images.tokopedia.net/img/cache/200-square/VqbcmM/2023/11/4/ec550d6f-6ce1-4fc8-afd1-1e4cf27da373.jpg,unilever
"Molto Beads Luxury Perfume+Molto AIO Blue 1,6L FREE DomiBantal Mcrofbr",Rp151.200,Cashback 5%,Dilayani Tokopedia,5.0,5 terjual,Official Store,https://www.tokopedia.com/unilever/molto-beads-luxury-perfume-molto-aio-blue-1-6l-free-domibantal-mcrofbr?extParam=src%3Dshop%26whid%3D13056835,https://images.tokopedia.net/img/cache/200-square/VqbcmM/2023/11/4/7cca8316-7b26-4f23-8d31-38455bde08d0.jpg,unilever
Buy 5 Dove Shampo Rambut Rusak 680ML Free Aeris Face&Eye Brush Set,Rp924.500,Cashback 5%,Dilayani Tokopedia,,1 terjual,Official Store,https://www.tokopedia.com/unilever/buy-5-dove-shampo-rambut-rusak-680ml-free-aeris-face-eye-brush-set?extParam=src%3Dshop%26whid%3D13056835,https://images.tokopedia.net/img/cache/200-square/VqbcmM/2023/11/4/bf348ce3-02dd-4ead-b96f-8030cd79e396.jpg,unilever
Buy 3pcs Wipol Sabun Karbol Cemara 750ml Free Sikat Bulu Kamar Mandi,Rp53.500,Cashback 5%,Dilayani Tokopedia,5.0,80+ terjual,Official Store,https://www.tokopedia.com/unilever/buy-3pcs-wipol-sabun-karbol-cemara-750ml-free-sikat-bulu-kamar-mandi?extParam=src%3Dshop%26whid%3D13056835,https://images.tokopedia.net/img/cache/200-square/VqbcmM/2023/11/6/d9fc87d3-3437-4ab4-911b-99146dd097c8.jpg,unilever
Buy 3pcs Sunlight Extra Lembut 650ml Free Scotch Brite Sabut,Rp39.400,Cashback 5%,Dilayani Tokopedia,4.9,70+ terjual,Official Store,https://www.tokopedia.com/unilever/buy-3pcs-sunlight-extra-lembut-650ml-free-scotch-brite-sabut?extParam=src%3Dshop%26whid%3D13056835,https://images.tokopedia.net/img/cache/200-square/VqbcmM/2023/11/6/979559b4-ea09-4f6c-80b3-32fcf593f328.jpg,unilever
Buy 2 Zwitsal Baby Bath Hair Body Aloe Vera 450ml FREE Baby Cream 50g,Rp73.200,Cashback 5%,Dilayani Tokopedia,5.0,13 terjual,Official Store,https://www.tokopedia.com/unilever/buy-2-zwitsal-baby-bath-hair-body-aloe-vera-450ml-free-baby-cream-50g?extParam=src%3Dshop%26whid%3D13056835,https://images.tokopedia.net/img/cache/200-square/VqbcmM/2023/11/3/ac15937f-0063-43a2-ab14-3a08051cfc3c.jpg,unilever
Citra Bengkoang Green Tea Body Lotion Natural Glowing Bright Uv 210 Ml,Rp24.200,,Dilayani Tokopedia,5.0,9 terjual,Official Store,https://www.tokopedia.com/unilever/citra-bengkoang-green-tea-body-lotion-natural-glowing-bright-uv-210-ml?extParam=whid%3D13056835%26src%3Dshop,https://images.tokopedia.net/img/cache/200-square/VqbcmM/2023/10/31/4338ece2-2f00-4ad0-989b-52e5d5a4867f.jpg,unilever
Lifebuoy Shampoo Anti Hairfall 170 Ml,Rp24.200,,Dilayani Tokopedia,5.0,12 terjual,Official Store,https://www.tokopedia.com/unilever/lifebuoy-shampoo-anti-hairfall-170-ml?extParam=src%3Dshop%26whid%3D13056835,https://images.tokopedia.net/img/cache/200-square/VqbcmM/2023/10/31/b6b8793a-dcf8-44c9-9c80-ce376565faee.jpg,unilever
Buy 2 Vaseline Hand Body Lotion Intensive Care Aloe Vera Soothe 400ml ,Rp105.200,Cashback 5%,Dilayani Tokopedia,5.0,30+ terjual,Official Store,https://www.tokopedia.com/unilever/buy-2-vaseline-hand-body-lotion-intensive-care-aloe-vera-soothe-400ml?extParam=src%3Dshop%26whid%3D13056835,https://images.tokopedia.net/img/cache/200-square/VqbcmM/2023/10/26/9b44bba2-d6ff-4f96-a7c8-5bfbae792a31.jpg,unilever
Buy 2 Vaseline Hand Body Lotion Healthy White UV Lightening 400ml Get ,Rp105.200,Cashback 5%,Dilayani Tokopedia,4.0,19 terjual,Official Store,https://www.tokopedia.com/unilever/buy-2-vaseline-hand-body-lotion-healthy-white-uv-lightening-400ml-get?extParam=src%3Dshop%26whid%3D13056835,https://images.tokopedia.net/img/cache/200-square/VqbcmM/2023/10/26/b5966c7e-dfc2-4240-8a2e-26d03d670251.jpg,unilever
Buy PONDS UV PROTECT SUNSERUM SPF50+ 30gr Free PONDS ROSE MICELLAR WAT,Rp52.200,Cashback 5%,Dilayani Tokopedia,5.0,7 terjual,Official Store,https://www.tokopedia.com/unilever/buy-ponds-uv-protect-sunserum-spf50-30gr-free-ponds-rose-micellar-wat?extParam=src%3Dshop%26whid%3D13056835,https://images.tokopedia.net/img/cache/200-square/VqbcmM/2023/10/26/51b0420d-c577-45c2-9125-c956dc2fe304.jpg,unilever
Buy 2 Ponds Bright Beauty Cream Moisturizer 40g Get UV Protect Sunseru,Rp108.100,Cashback 5%,Dilayani Tokopedia,5.0,4 terjual,Official Store,https://www.tokopedia.com/unilever/buy-2-ponds-bright-beauty-cream-moisturizer-40g-get-uv-protect-sunseru?extParam=src%3Dshop%26whid%3D13056835,https://images.tokopedia.net/img/cache/200-square/VqbcmM/2023/10/26/580368b1-8bcf-4a71-822a-a4c250180375.jpg,unilever
FREE Zwitsal Baby Face & Body Care Cream 50Gr - Krim Bayi,Rp10.000.000,Cashback 5%,Dilayani Tokopedia,,,Official Store,https://www.tokopedia.com/unilever/free-zwitsal-baby-face-body-care-cream-50gr-krim-bayi?extParam=whid%3D13056835%26src%3Dshop,https://images.tokopedia.net/img/cache/200-square/VqbcmM/2023/10/25/3c3f29e6-f245-4d19-88dc-9d8e716c9e0b.jpg,unilever
VASELINE REPAIRING JELLY ALOE 12X50ML FREE,Rp10.000.000,Cashback 5%,Dilayani Tokopedia,,,Official Store,https://www.tokopedia.com/unilever/vaseline-repairing-jelly-aloe-12x50ml-free?extParam=src%3Dshop%26whid%3D13056835,https://images.tokopedia.net/img/cache/200-square/hDjmkQ/2023/10/23/772450d5-c802-4678-bb43-22120bf12b8f.jpg,unilever
Buy 2 Sunlight Extra Lembut 650 ml FREE Sunlight Gentle Premium Bottle,Rp26.300,,Dilayani Tokopedia,5.0,100+ terjual,Official Store,https://www.tokopedia.com/unilever/buy-2-sunlight-extra-lembut-650-ml-free-sunlight-gentle-premium-bottle?extParam=src%3Dshop%26whid%3D13056835,https://images.tokopedia.net/img/cache/200-square/VqbcmM/2023/11/15/bd536c0f-178c-4e66-8435-df1fb4fd028a.jpg,unilever
Special Bundle Bango Kecap Manis 520ml& Royco Ayam 220g Free Minyak 1L,Rp100.000,Cashback 5%,Dilayani Tokopedia,5.0,20 terjual,Official Store,https://www.tokopedia.com/unilever/special-bundle-bango-kecap-manis-520ml-royco-ayam-220g-free-minyak-1l?extParam=src%3Dshop%26whid%3D13056835,https://images.tokopedia.net/img/cache/200-square/VqbcmM/2023/10/17/7f885ca2-0c87-4a86-bc84-e481b72af7ae.jpg,unilever
Wipol Karbol Lemon Pembersih Lantai Refill 750Ml Free Minyak 1L,Rp71.300,Cashback 5%,Dilayani Tokopedia,5.0,26 terjual,Official Store,https://www.tokopedia.com/unilever/wipol-karbol-lemon-pembersih-lantai-refill-750ml-free-minyak-1l?extParam=src%3Dshop%26whid%3D13056835,https://images.tokopedia.net/img/cache/200-square/VqbcmM/2023/10/17/a807d54f-a952-4638-b4c7-58ab3f110a52.jpg,unilever
Rinso Detergent Capsule Kapsul Lavender Fresh 168g Free Lock n Lock,Rp127.900,Cashback 5%,Dilayani Tokopedia,5.0,22 terjual,Official Store,https://www.tokopedia.com/unilever/rinso-detergent-capsule-kapsul-lavender-fresh-168g-free-lock-n-lock?extParam=src%3Dshop%26whid%3D13056835,https://images.tokopedia.net/img/cache/200-square/VqbcmM/2023/11/9/0ab81cc7-bcde-4377-9e60-5cb73dce6901.jpg,unilever
Bango Kecap Manis 735ml Isi 3 Free Minyak 1L,Rp93.900,Cashback 5%,Dilayani Tokopedia,5.0,40+ terjual,Official Store,https://www.tokopedia.com/unilever/bango-kecap-manis-735ml-isi-3-free-minyak-1l?extParam=src%3Dshop%26whid%3D13056835,https://images.tokopedia.net/img/cache/200-square/VqbcmM/2023/10/17/1d8a00c1-adb6-432b-8d7f-c3da99391ae7.jpg,unilever
Bango Less Sugar Kecap Rendah Gula 520ml Free Minyak 1L,Rp74.500,Cashback 5%,Dilayani Tokopedia,5.0,6 terjual,Official Store,https://www.tokopedia.com/unilever/bango-less-sugar-kecap-rendah-gula-520ml-free-minyak-1l?extParam=src%3Dshop%26whid%3D13056835,https://images.tokopedia.net/img/cache/200-square/VqbcmM/2023/10/17/a3e502e5-3353-48af-b886-5f811029b262.jpg,unilever
Molto Pelembut & Pewangi Pakaian Pure 1600 Ml Free Minyak 1L,Rp166.800,Cashback 5%,Dilayani Tokopedia,4.9,30+ terjual,Official Store,https://www.tokopedia.com/unilever/molto-pelembut-pewangi-pakaian-pure-1600-ml-free-minyak-1l?extParam=src%3Dshop%26whid%3D13056835,https://images.tokopedia.net/img/cache/200-square/VqbcmM/2023/10/17/07d3312d-4f46-484f-8abb-ce3701a9cb27.jpg,unilever
Rinso Matic Deterjen Cair Mesin Bukaan Depan 1.45l Free Minyak 1L,Rp127.900,Cashback 5%,Dilayani Tokopedia,5.0,100+ terjual,Official Store,https://www.tokopedia.com/unilever/rinso-matic-deterjen-cair-mesin-bukaan-depan-1-45l-free-minyak-1l?extParam=src%3Dshop%26whid%3D13056835,https://images.tokopedia.net/img/cache/200-square/VqbcmM/2023/10/17/d2f186f8-76a2-4c8d-9982-a00fb938adf8.jpg,unilever
Rinso Matic Deterjen Bubuk Bukaan Depan 1.8Kg Free Minyak 1L,Rp146.300,Cashback 5%,Dilayani Tokopedia,5.0,50+ terjual,Official Store,https://www.tokopedia.com/unilever/rinso-matic-deterjen-bubuk-bukaan-depan-1-8kg-free-minyak-1l?extParam=src%3Dshop%26whid%3D13056835,https://images.tokopedia.net/img/cache/200-square/VqbcmM/2023/10/17/725a61ed-099e-4b31-b72c-b2f55148d665.jpg,unilever
Molto All-In-1 Pink Pewangi & Pelembut 720Ml Free Daster Jessica Mila,Rp139.500,Cashback 5%,Dilayani Tokopedia,5.0,25 terjual,Official Store,https://www.tokopedia.com/unilever/molto-all-in-1-pink-pewangi-pelembut-720ml-free-daster-jessica-mila?extParam=src%3Dshop%26whid%3D13056835,https://images.tokopedia.net/img/cache/200-square/VqbcmM/2023/10/17/7df8214e-c2ce-408a-8364-5d0c98945bc5.png,unilever
Molto Pelembut & Pewangi All-in-1 Blue 1600Ml Free Daster Jessica Mila,Rp170.300,Cashback 5%,Dilayani Tokopedia,5.0,30+ terjual,Official Store,https://www.tokopedia.com/unilever/molto-pelembut-pewangi-all-in-1-blue-1600ml-free-daster-jessica-mila?extParam=src%3Dshop%26whid%3D13056835,https://images.tokopedia.net/img/cache/200-square/VqbcmM/2023/10/17/1b45f28f-4f39-4649-b3d1-ac77a44138df.png,unilever
Lifebuoy Shiso Mineral 400ml,Rp10.000.000,Cashback 5%,Dilayani Tokopedia,,,Official Store,https://www.tokopedia.com/unilever/lifebuoy-shiso-mineral-400ml?extParam=src%3Dshop%26whid%3D13056835,https://images.tokopedia.net/img/cache/200-square/VqbcmM/2023/10/12/58c3d218-463e-4909-8d12-6bc9e35f0bb5.jpg,unilever
Lux Bluebell 400ml,Rp10.000.000,Cashback 5%,Dilayani Tokopedia,,,Official Store,https://www.tokopedia.com/unilever/lux-bluebell-400ml?extParam=src%3Dshop%26whid%3D13056835,https://images.tokopedia.net/img/cache/200-square/VqbcmM/2023/10/12/420258bf-fd2f-4371-a135-f5a9ffb82424.jpg,unilever
Citra Natural Booster Body Serum Protect Glow SPF 20 PA++ 180 ML,Rp26.000,,Dilayani Tokopedia,5.0,26 terjual,Official Store,https://www.tokopedia.com/unilever/citra-natural-booster-body-serum-protect-glow-spf-20-pa-180-ml?extParam=whid%3D13056835%26src%3Dshop,https://images.tokopedia.net/img/cache/200-square/VqbcmM/2023/10/17/38a813e2-3cf9-4a32-9ce4-ddf45feef332.png,unilever
Citra Natural Booster Body Serum Complete Glow 180 ML,Rp26.000,,Dilayani Tokopedia,5.0,29 terjual,Official Store,https://www.tokopedia.com/unilever/citra-natural-booster-body-serum-complete-glow-180-ml?extParam=whid%3D13056835%26src%3Dshop,https://images.tokopedia.net/img/cache/200-square/VqbcmM/2023/10/13/2798d789-4a3d-4e8a-bc0d-49971ea6919e.jpg,unilever
Citra Natural Booster Body Serum Insta Glow 180 ML,Rp26.000,,Dilayani Tokopedia,5.0,26 terjual,Official Store,https://www.tokopedia.com/unilever/citra-natural-booster-body-serum-insta-glow-180-ml?extParam=src%3Dshop%26whid%3D13056835,https://images.tokopedia.net/img/cache/200-square/VqbcmM/2023/10/17/bc908b18-7ced-47da-a14d-80d8f22cece8.jpg,unilever
Sunsilk Shampo Anti Ketombe Rambut Sehat dan Kuat Anti Dandruff 650ml,Rp75.600,Cashback 5%,Dilayani Tokopedia,5.0,15 terjual,Official Store,https://www.tokopedia.com/unilever/sunsilk-shampo-anti-ketombe-rambut-sehat-dan-kuat-anti-dandruff-650ml?extParam=src%3Dshop%26whid%3D13056835,https://images.tokopedia.net/img/cache/200-square/VqbcmM/2023/11/3/2a61d6e9-d58a-4687-bca4-1e813d0028a5.jpg,unilever
Sunsilk Shampo Anti Ketombe Rambut Sehat dan Kuat Anti Dandruff 400ml,Rp45.400,Cashback 5%,Dilayani Tokopedia,5.0,22 terjual,Official Store,https://www.tokopedia.com/unilever/sunsilk-shampo-anti-ketombe-rambut-sehat-dan-kuat-anti-dandruff-400ml?extParam=src%3Dshop%26whid%3D13056835,https://images.tokopedia.net/img/cache/200-square/VqbcmM/2023/11/3/7a00c5ce-6995-4fb2-80e9-8ef7ae149fab.jpg,unilever
Buy 2 Sariwangi Green Tea Free 1 Sariwangi Green Tea,Rp21.000,,Dilayani Tokopedia,5.0,15 terjual,Official Store,https://www.tokopedia.com/unilever/buy-2-sariwangi-green-tea-free-1-sariwangi-green-tea?extParam=src%3Dshop%26whid%3D13056835,https://images.tokopedia.net/img/cache/200-square/VqbcmM/2023/10/19/941ad3b8-511f-40a9-9df3-ede792144a98.jpg,unilever
Buy 2 Sariwangi Mawar Free 1 Sariwangi Mawar,Rp11.500,,Dilayani Tokopedia,5.0,20 terjual,Official Store,https://www.tokopedia.com/unilever/buy-2-sariwangi-mawar-free-1-sariwangi-mawar?extParam=src%3Dshop%26whid%3D13056835,https://images.tokopedia.net/img/cache/200-square/VqbcmM/2023/10/19/691eb252-e623-40dd-b855-07bf0c63c888.jpg,unilever
Buy 2 Vixal Ekstra Kuat 750ml FREE Vixal Ekstra Kuat 160ml,Rp32.800,Cashback 5%,Dilayani Tokopedia,5.0,30+ terjual,Official Store,https://www.tokopedia.com/unilever/buy-2-vixal-ekstra-kuat-750ml-free-vixal-ekstra-kuat-160ml?extParam=src%3Dshop%26whid%3D13056835,https://images.tokopedia.net/img/cache/200-square/VqbcmM/2023/11/1/93dfd2fb-046f-4c86-ab89-58a6a3ff9c16.jpg,unilever
Buy 2 Wipol Sereh&Jeruk 750Ml FREE Lunch Box,Rp35.700,Cashback 5%,Dilayani Tokopedia,5.0,21 terjual,Official Store,https://www.tokopedia.com/unilever/buy-2-wipol-sereh-jeruk-750ml-free-lunch-box?extParam=whid%3D13056835%26src%3Dshop,https://images.tokopedia.net/img/cache/200-square/VqbcmM/2023/11/1/9c3448a5-1edd-4e6c-8e8a-049a776dd251.jpg,unilever
Buy 2 Lifebuoy Total 10 825ml Free Lifebuoy Handwash Total 10 180ml,Rp78.500,Cashback 5%,Dilayani Tokopedia,5.0,14 terjual,Official Store,https://www.tokopedia.com/unilever/buy-2-lifebuoy-total-10-825ml-free-lifebuoy-handwash-total-10-180ml?extParam=src%3Dshop%26whid%3D13056835,https://images.tokopedia.net/img/cache/200-square/VqbcmM/2023/11/1/5817ae8c-550b-438b-8c97-4db5661293d3.jpg,unilever
Pepsodent Nanosoft Isi 3 + Pepsodent Complete 8 Whitening 190g,Rp47.200,Cashback 5%,Dilayani Tokopedia,,4 terjual,Official Store,https://www.tokopedia.com/unilever/pepsodent-nanosoft-isi-3-pepsodent-complete-8-whitening-190g?extParam=src%3Dshop%26whid%3D13056835,https://images.tokopedia.net/img/cache/200-square/VqbcmM/2023/11/1/116e9740-3ddd-4553-954a-f930a7c0ae89.jpg,unilever
Buy 3 Sunlight Jeruk Nipis 1500ml FREE Scrub Daddy,Rp89.800,Cashback 5%,Dilayani Tokopedia,5.0,70+ terjual,Official Store,https://www.tokopedia.com/unilever/buy-3-sunlight-jeruk-nipis-1500ml-free-scrub-daddy?extParam=src%3Dshop%26whid%3D13056835,https://images.tokopedia.net/img/cache/200-square/VqbcmM/2023/11/1/54b3e3a3-e904-49c8-aa80-895e375f6ec2.jpg,unilever
Pepsodent Nanosoft Sensitive Isi 3 + Pepsodent SME Relief&Protect 100g,Rp58.000,Cashback 5%,Dilayani Tokopedia,5.0,2 terjual,Official Store,https://www.tokopedia.com/unilever/pepsodent-nanosoft-sensitive-isi-3-pepsodent-sme-relief-protect-100g?extParam=src%3Dshop%26whid%3D13056835,https://images.tokopedia.net/img/cache/200-square/VqbcmM/2023/11/1/62ed589f-4110-456e-9931-26658d727d1c.jpg,unilever
Buy 1 Bango 520ml + 2 Sunlight 1500ml Get 3 Indomie Goreng,Rp87.400,Cashback 5%,Dilayani Tokopedia,5.0,90+ terjual,Official Store,https://www.tokopedia.com/unilever/buy-1-bango-520ml-2-sunlight-1500ml-get-3-indomie-goreng?extParam=src%3Dshop%26whid%3D13056835,https://images.tokopedia.net/img/cache/200-square/VqbcmM/2023/10/10/6a6deaa0-2002-42f2-a613-3a85b1a768ab.png,unilever
2 Molto Perfume Beads Fresh Blossom 200G FREE Molto Anti Kusut 100ml,Rp94.500,Cashback 5%,Dilayani Tokopedia,,1 terjual,Official Store,https://www.tokopedia.com/unilever/2-molto-perfume-beads-fresh-blossom-200g-free-molto-anti-kusut-100ml?extParam=src%3Dshop%26whid%3D13056835,https://images.tokopedia.net/img/cache/200-square/VqbcmM/2023/11/1/49a303a9-5a4a-4ba3-a0d5-9d5fb3fa883f.jpg,unilever
Buy 1 Bango 520ml + 2 Sunlight 910ml Get 2 Indomie Goreng,Rp63.000,Cashback 5%,Dilayani Tokopedia,5.0,60+ terjual,Official Store,https://www.tokopedia.com/unilever/buy-1-bango-520ml-2-sunlight-910ml-get-2-indomie-goreng?extParam=src%3Dshop%26whid%3D13056835,https://images.tokopedia.net/img/cache/200-square/VqbcmM/2023/10/10/b9a5e443-ab97-4ed9-bf0e-38a478b04317.png,unilever
Buy 2 Molto Pure Pewangi Pakaian Bayi 1.6L FREE Molto Anti Kusut 100ml,Rp111.200,Cashback 5%,Dilayani Tokopedia,,5 terjual,Official Store,https://www.tokopedia.com/unilever/buy-2-molto-pure-pewangi-pakaian-bayi-1-6l-free-molto-anti-kusut-100ml?extParam=whid%3D13056835%26src%3Dshop,https://images.tokopedia.net/img/cache/200-square/VqbcmM/2023/11/1/67f7a687-dd5f-401a-8b74-07dea8105cef.jpg,unilever
2 Molto Perfume Beads Luxury Perfume 200G FREE Molto Anti Kusut 100ml,Rp94.500,Cashback 5%,Dilayani Tokopedia,5.0,2 terjual,Official Store,https://www.tokopedia.com/unilever/2-molto-perfume-beads-luxury-perfume-200g-free-molto-anti-kusut-100ml?extParam=src%3Dshop%26whid%3D13056835,https://images.tokopedia.net/img/cache/200-square/VqbcmM/2023/11/1/3d4903a5-1b0c-4f4c-b10b-9e2f23637b6a.jpg,unilever
Buy 2 Close Up Multivitamin 160g Get Close Up Korea Eucalyptus 100gr,Rp42.600,Cashback 5%,Dilayani Tokopedia,,9 terjual,Official Store,https://www.tokopedia.com/unilever/buy-2-close-up-multivitamin-160g-get-close-up-korea-eucalyptus-100gr?extParam=src%3Dshop%26whid%3D13056835,https://images.tokopedia.net/img/cache/200-square/VqbcmM/2023/10/19/edfb11ed-e596-4fbe-b001-bf0df4e601c4.png,unilever
Buy 2 AXE Black 135ml Free AXE Ice Chill 135ml,Rp78.400,Cashback 5%,Dilayani Tokopedia,5.0,17 terjual,Official Store,https://www.tokopedia.com/unilever/buy-2-axe-black-135ml-free-axe-ice-chill-135ml?extParam=src%3Dshop%26whid%3D13056835,https://images.tokopedia.net/img/cache/200-square/VqbcmM/2023/10/17/decb1c2b-567d-4f8d-ae53-3f4bb2ed549b.png,unilever
Buy 3 AXE Dark Temptation 135ml FREE AXE Apollo 135ml,Rp110.900,Cashback 5%,Dilayani Tokopedia,5.0,5 terjual,Official Store,https://www.tokopedia.com/unilever/buy-3-axe-dark-temptation-135ml-free-axe-apollo-135ml?extParam=src%3Dshop%26whid%3D13056835,https://images.tokopedia.net/img/cache/200-square/VqbcmM/2023/10/10/22c91d20-ade9-438e-a3d8-f8681cebd3f6.png,unilever
Buy 2 Lifebuoy Mild Care 825ml Free Lifebuoy Handwash Mild Care 180ml,Rp78.500,Cashback 5%,Dilayani Tokopedia,5.0,9 terjual,Official Store,https://www.tokopedia.com/unilever/buy-2-lifebuoy-mild-care-825ml-free-lifebuoy-handwash-mild-care-180ml?extParam=src%3Dshop%26whid%3D13056835,https://images.tokopedia.net/img/cache/200-square/VqbcmM/2023/11/1/16c55c88-769e-434e-9291-fa47ef67a9f9.jpg,unilever
Buy 3 Pepsodent Whitening 190gr Get Close Up Korea Eucalyptus 100gr,Rp64.000,Cashback 5%,Dilayani Tokopedia,5.0,40+ terjual,Official Store,https://www.tokopedia.com/unilever/buy-3-pepsodent-whitening-190gr-get-close-up-korea-eucalyptus-100gr?extParam=src%3Dshop%26whid%3D13056835,https://images.tokopedia.net/img/cache/200-square/VqbcmM/2023/10/10/aba56bde-fc84-412b-a279-bed74be26f05.png,unilever
Buy 2 Closeup Everfresh Green 160g Get Close Up Eucalyptus 100gr,Rp37.500,Cashback 5%,Dilayani Tokopedia,5.0,70+ terjual,Official Store,https://www.tokopedia.com/unilever/buy-2-closeup-everfresh-green-160g-get-close-up-eucalyptus-100gr?extParam=src%3Dshop%26whid%3D13056835,https://images.tokopedia.net/img/cache/200-square/VqbcmM/2023/10/10/98e433fb-c160-4ad6-9b81-ba62bce9cf05.png,unilever
Buy 2 Close Up Eaucalyptus 100g Get Close Up Korea Eaucalyptus 100gr,Rp57.100,Cashback 5%,Dilayani Tokopedia,5.0,9 terjual,Official Store,https://www.tokopedia.com/unilever/buy-2-close-up-eaucalyptus-100g-get-close-up-korea-eaucalyptus-100gr?extParam=src%3Dshop%26whid%3D13056835,https://images.tokopedia.net/img/cache/200-square/VqbcmM/2023/10/10/ed733b2a-e5b4-49fa-a449-b1c1f6b7114f.png,unilever
Buy 3 Pepsodent Herbal 190gr Get Close Up Korea Spearmint 100gr,Rp54.900,Cashback 5%,Dilayani Tokopedia,5.0,40+ terjual,Official Store,https://www.tokopedia.com/unilever/buy-3-pepsodent-herbal-190gr-get-close-up-korea-spearmint-100gr?extParam=src%3Dshop%26whid%3D13056835,https://images.tokopedia.net/img/cache/200-square/VqbcmM/2023/10/9/55a5cd3f-b2b2-4e5b-a5d5-b96011c2438c.png,unilever
IKEA Lunchbox,Rp10.000.000,Cashback 5%,Dilayani Tokopedia,,,Official Store,https://www.tokopedia.com/unilever/ikea-lunchbox?extParam=src%3Dshop%26whid%3D13056835,https://images.tokopedia.net/img/cache/200-square/VqbcmM/2023/10/5/f40996f7-7474-4751-b7b8-7a28c2110bdf.jpg,unilever
Pond'S Men White Boost Face Moisturizer 20Ml isi 3,Rp102.800,Cashback 5%,Dilayani Tokopedia,5.0,18 terjual,Official Store,https://www.tokopedia.com/unilever/pond-s-men-white-boost-face-moisturizer-20ml-isi-3?extParam=whid%3D13056835%26src%3Dshop,https://images.tokopedia.net/img/cache/200-square/hDjmkQ/2023/9/27/ee107819-00fc-4362-ba83-de5f1c5b21e4.jpg,unilever
Sunsilk Shampo Rambut Lembut Activ-Infusion with Argan Oil 400ml isi 3,Rp146.100,Cashback 5%,Dilayani Tokopedia,5.0,20 terjual,Official Store,https://www.tokopedia.com/unilever/sunsilk-shampo-rambut-lembut-activ-infusion-with-argan-oil-400ml-isi-3?extParam=src%3Dshop%26whid%3D13056835,https://images.tokopedia.net/img/cache/200-square/hDjmkQ/2023/9/27/d851de46-e65f-4647-92a5-ef481e9b0d13.jpg,unilever
Clear Shampoo Complete Soft Care 660ml isi 3,Rp263.300,Cashback 5%,Dilayani Tokopedia,5.0,5 terjual,Official Store,https://www.tokopedia.com/unilever/clear-shampoo-complete-soft-care-660ml-isi-3?extParam=src%3Dshop%26whid%3D13056835,https://images.tokopedia.net/img/cache/200-square/VqbcmM/2023/11/1/3deea1c8-614e-4c6a-b98f-9e5884b3fb7e.jpg,unilever
Zwitsal Baby Bath Hair and Body 450ml Twinpack isi 3,Rp150.000,Cashback 5%,Dilayani Tokopedia,5.0,23 terjual,Official Store,https://www.tokopedia.com/unilever/zwitsal-baby-bath-hair-and-body-450ml-twinpack-isi-3?extParam=src%3Dshop%26whid%3D13056835,https://images.tokopedia.net/img/cache/200-square/hDjmkQ/2023/9/27/5948cd5d-6ede-483d-ba0f-884bde287224.jpg,unilever
Vaseline Lotion Healthy Bright Perfect 10 400Ml isi 3,Rp200.700,Cashback 5%,Dilayani Tokopedia,5.0,12 terjual,Official Store,https://www.tokopedia.com/unilever/vaseline-lotion-healthy-bright-perfect-10-400ml-isi-3?extParam=src%3Dshop%26whid%3D13056835,https://images.tokopedia.net/img/cache/200-square/hDjmkQ/2023/9/27/86e2fc75-c921-4674-8f9f-7175559c6bd6.jpg,unilever
Sunsilk Shampoo Black Shine 900ml isi 3,Rp256.000,Cashback 5%,Dilayani Tokopedia,,3 terjual,Official Store,https://www.tokopedia.com/unilever/sunsilk-shampoo-black-shine-900ml-isi-3?extParam=src%3Dshop%26whid%3D13056835,https://images.tokopedia.net/img/cache/200-square/hDjmkQ/2023/9/27/8736495e-dd90-4e38-b2d1-ad1371894ee4.jpg,unilever
Vaseline Healthy Bright Vitamin Body Serum Soft Glow 180Ml isi 3,Rp93.400,Cashback 5%,Dilayani Tokopedia,4.7,40+ terjual,Official Store,https://www.tokopedia.com/unilever/vaseline-healthy-bright-vitamin-body-serum-soft-glow-180ml-isi-3?extParam=src%3Dshop%26whid%3D13056835,https://images.tokopedia.net/img/cache/200-square/hDjmkQ/2023/9/27/9215d580-f2af-4589-936d-91136fed459d.jpg,unilever
Lifebuoy Shampoo Kuat & Berkilau 900ML isi 3,Rp177.200,Cashback 5%,Dilayani Tokopedia,5.0,50+ terjual,Official Store,https://www.tokopedia.com/unilever/lifebuoy-shampoo-kuat-berkilau-900ml-isi-3?extParam=src%3Dshop%26whid%3D13056835,https://images.tokopedia.net/img/cache/200-square/hDjmkQ/2023/9/27/affe8736-bd8d-49fc-8392-e2c825f9e08d.jpg,unilever
Zwitsal Baby Natural Set Spa Gift Box Kado Bayi 1Pc isi 3,Rp352.700,Cashback 5%,Dilayani Tokopedia,,2 terjual,Official Store,https://www.tokopedia.com/unilever/zwitsal-baby-natural-set-spa-gift-box-kado-bayi-1pc-isi-3?extParam=src%3Dshop%26whid%3D13056835,https://images.tokopedia.net/img/cache/200-square/hDjmkQ/2023/9/27/13494167-91c1-4535-a0b3-5a4a83f0afa8.jpg,unilever
Zwitsal Baby Bath 2In1 Hair Body Aloe Vera 450Ml isi 3,Rp107.200,Cashback 5%,Dilayani Tokopedia,5.0,50+ terjual,Official Store,https://www.tokopedia.com/unilever/zwitsal-baby-bath-2in1-hair-body-aloe-vera-450ml-isi-3?extParam=src%3Dshop%26whid%3D13056835,https://images.tokopedia.net/img/cache/200-square/hDjmkQ/2023/9/27/08f6bc10-da9b-4271-b193-179bcdd4d963.jpg,unilever
Lifebuoy Sabun Batang Total 10 Isi 4X100G isi 3,Rp53.200,Cashback 5%,Dilayani Tokopedia,4.9,250+ terjual,Official Store,https://www.tokopedia.com/unilever/lifebuoy-sabun-batang-total-10-isi-4x100g-isi-3?extParam=src%3Dshop%26whid%3D13056835,https://images.tokopedia.net/img/cache/200-square/hDjmkQ/2023/9/27/ef8f330f-3153-42a8-9d93-e412c86cd538.jpg,unilever
Rinso Professional Detergent Laundry Kiloan Bubuk 3 Kg,Rp66.400,Cashback 5%,Dilayani Tokopedia,5.0,70+ terjual,Official Store,https://www.tokopedia.com/unilever/rinso-professional-detergent-laundry-kiloan-bubuk-3-kg?extParam=src%3Dshop%26whid%3D13056835,https://images.tokopedia.net/img/cache/200-square/VqbcmM/2023/11/3/4fafe2e1-2dff-4213-9b61-22cc6e03683b.jpg,unilever
Buy 2 Rexona Free Spirit Free Ponds Rose Micellar Water 55ml,Rp38.200,Cashback 5%,Dilayani Tokopedia,5.0,7 terjual,Official Store,https://www.tokopedia.com/unilever/buy-2-rexona-free-spirit-free-ponds-rose-micellar-water-55ml?extParam=src%3Dshop%26whid%3D13056835,https://images.tokopedia.net/img/cache/200-square/VqbcmM/2023/9/29/f7dd51f4-f24d-44f3-ab9c-a095438affc2.png,unilever
Buy 3 Rexona Teens Glowing Free Ponds UV Protect Sun Serum SPF35 30g,Rp46.500,Cashback 5%,Dilayani Tokopedia,5.0,6 terjual,Official Store,https://www.tokopedia.com/unilever/buy-3-rexona-teens-glowing-free-ponds-uv-protect-sun-serum-spf35-30g?extParam=src%3Dshop%26whid%3D13056835,https://images.tokopedia.net/img/cache/200-square/VqbcmM/2023/9/29/e80f66bb-8b2b-49bd-80fc-2f7ed830cba2.png,unilever
Buy 2 Rexona Advanced Brightening Free Vaseline UV Extra Brightening,Rp46.800,Cashback 5%,Dilayani Tokopedia,5.0,30+ terjual,Official Store,https://www.tokopedia.com/unilever/buy-2-rexona-advanced-brightening-free-vaseline-uv-extra-brightening?extParam=src%3Dshop%26whid%3D13056835,https://images.tokopedia.net/img/cache/200-square/VqbcmM/2023/9/29/9d907255-3de8-4d13-8606-8c3e4088271f.png,unilever
Buy 3 Rexona Ice Cool Free Rexona Fresh Lime,Rp57.200,Cashback 5%,Dilayani Tokopedia,5.0,50+ terjual,Official Store,https://www.tokopedia.com/unilever/buy-3-rexona-ice-cool-free-rexona-fresh-lime?extParam=whid%3D13056835%26src%3Dshop,https://images.tokopedia.net/img/cache/200-square/VqbcmM/2023/9/29/998863f0-39e1-4efc-a22b-63295ecd1e33.png,unilever
[Mystery Box] Buy 2 Bango Less Sugar 520ml GET LuluLemon Yoga Mat,Rp53.700,Cashback 5%,Dilayani Tokopedia,3.4,18 terjual,Official Store,https://www.tokopedia.com/unilever/mystery-box-buy-2-bango-less-sugar-520ml-get-lululemon-yoga-mat?extParam=src%3Dshop%26whid%3D13056835,https://images.tokopedia.net/img/cache/200-square/VqbcmM/2023/9/29/38bf3bb2-9189-4d40-983b-483109d8c941.jpg,unilever
Citra Natural Booster Body Serum SPF 20 PA++ 180 ML FREE Scrunchie,Rp25.600,,Dilayani Tokopedia,5.0,8 terjual,Official Store,https://www.tokopedia.com/unilever/citra-natural-booster-body-serum-spf-20-pa-180-ml-free-scrunchie?extParam=src%3Dshop%26whid%3D13056835,https://images.tokopedia.net/img/cache/200-square/VqbcmM/2023/9/29/930d54b6-3b1e-43fe-a875-fa23b20490eb.jpg,unilever
Citra Natural Booster Body Serum Complete Glow 180 ML FREE Scrunchie,Rp25.600,,Dilayani Tokopedia,5.0,8 terjual,Official Store,https://www.tokopedia.com/unilever/citra-natural-booster-body-serum-complete-glow-180-ml-free-scrunchie?extParam=src%3Dshop%26whid%3D13056835,https://images.tokopedia.net/img/cache/200-square/VqbcmM/2023/9/29/df82f2ee-9bad-43df-86ae-ff201f5bbbe1.jpg,unilever
Citra Natural Booster Body Serum Insta Glow 180 ML FREE Scrunchie,Rp25.600,,Dilayani Tokopedia,5.0,5 terjual,Official Store,https://www.tokopedia.com/unilever/citra-natural-booster-body-serum-insta-glow-180-ml-free-scrunchie?extParam=whid%3D13056835%26src%3Dshop,https://images.tokopedia.net/img/cache/200-square/VqbcmM/2023/9/29/5a1dd872-7879-46af-a07d-b3139029012b.jpg,unilever
Citra Natural Booster Body Serum Fresh Glow 180 ML FREE Scrunchie,Rp30.000,Cashback 5%,Dilayani Tokopedia,4.8,13 terjual,Official Store,https://www.tokopedia.com/unilever/citra-natural-booster-body-serum-fresh-glow-180-ml-free-scrunchie?extParam=src%3Dshop%26whid%3D13056835,https://images.tokopedia.net/img/cache/200-square/VqbcmM/2023/9/29/c1a55273-a811-4b75-b623-10cc447e3410.jpg,unilever
Dove Beauty Bar Sabun Batang Shea Butter Pampering 90G,Rp15.900,,Dilayani Tokopedia,,,Official Store,https://www.tokopedia.com/unilever/dove-beauty-bar-sabun-batang-shea-butter-pampering-90g?extParam=src%3Dshop%26whid%3D13056835,https://images.tokopedia.net/img/cache/200-square/VqbcmM/2023/9/25/ad0653c0-9bc0-4274-884c-c262e4f99709.jpg,unilever
Dove Beauty Bar Sabun Batang Pink 90G,Rp15.900,,Dilayani Tokopedia,,,Official Store,https://www.tokopedia.com/unilever/dove-beauty-bar-sabun-batang-pink-90g?extParam=src%3Dshop%26whid%3D13056835,https://images.tokopedia.net/img/cache/200-square/VqbcmM/2023/9/25/74a97488-0f9f-4b54-a270-6583d582d82c.jpg,unilever
Pears Pure & Gentle Body Wash With Lemon Flower Extract 500Ml,Rp88.000,Cashback 5%,Dilayani Tokopedia,5.0,12 terjual,Official Store,https://www.tokopedia.com/unilever/pears-pure-gentle-body-wash-with-lemon-flower-extract-500ml?extParam=whid%3D13056835%26src%3Dshop,https://images.tokopedia.net/img/cache/200-square/VqbcmM/2023/9/25/be32fa94-44c8-423b-80af-1a3ee945a1b3.jpg,unilever
St Ives Face Scrub Blackhead Clearing Green Tea - 90 Gr,Rp39.900,Cashback 5%,Dilayani Tokopedia,5.0,5 terjual,Official Store,https://www.tokopedia.com/unilever/st-ives-face-scrub-blackhead-clearing-green-tea-90-gr?extParam=src%3Dshop%26whid%3D13056835,https://images.tokopedia.net/img/cache/200-square/VqbcmM/2023/9/25/172b0706-739e-4c75-9038-f9fd495eab02.jpg,unilever
Love Beauty & Planet Body MistLavender 100ML FREE LBP VolumeConditione,Rp81.700,Cashback 5%,Dilayani Tokopedia,5.0,6 terjual,Official Store,https://www.tokopedia.com/unilever/love-beauty-planet-body-mistlavender-100ml-free-lbp-volumeconditione?extParam=src%3Dshop%26whid%3D13056835,https://images.tokopedia.net/img/cache/200-square/VqbcmM/2023/9/25/53616649-c903-43bc-89d6-89877996d652.jpg,unilever
Bango Less Sugar 520ml + Royco Ayam 220gr FREE Fiber Creme 100 gr,Rp36.500,Cashback 5%,Dilayani Tokopedia,5.0,30+ terjual,Official Store,https://www.tokopedia.com/unilever/bango-less-sugar-520ml-royco-ayam-220gr-free-fiber-cr-me-100-gr?extParam=src%3Dshop%26whid%3D13056835,https://images.tokopedia.net/img/cache/200-square/VqbcmM/2023/9/25/ec20a756-dc90-4cf4-85bc-be052bf1fc95.png,unilever
Buy 3 Lifebuoy Total 10 825ml FREE Lifebuoy Cool Fresh 400ml,Rp117.700,Cashback 5%,Dilayani Tokopedia,5.0,40+ terjual,Official Store,https://www.tokopedia.com/unilever/buy-3-lifebuoy-total-10-825ml-free-lifebuoy-cool-fresh-400ml?extParam=src%3Dshop%26whid%3D13056835,https://images.tokopedia.net/img/cache/200-square/VqbcmM/2023/9/8/a46f577b-a7b5-4639-a946-88ebc2d54df8.jpg,unilever
Buy 2 Lux Sakura Bloom 825ml FREE Lux Bluebell 400ml,Rp87.100,Cashback 5%,Dilayani Tokopedia,5.0,50+ terjual,Official Store,https://www.tokopedia.com/unilever/buy-2-lux-sakura-bloom-825ml-free-lux-bluebell-400ml?extParam=src%3Dshop%26whid%3D13056835,https://images.tokopedia.net/img/cache/200-square/VqbcmM/2023/9/6/f3ebb8c0-df5f-4aa5-919c-19041ed625bc.jpg,unilever
Buy 3 Lifebuoy Mild Care 825ml FREE Lifebuoy Cool Fresh 400ml,Rp117.700,Cashback 5%,Dilayani Tokopedia,4.5,7 terjual,Official Store,https://www.tokopedia.com/unilever/buy-3-lifebuoy-mild-care-825ml-free-lifebuoy-cool-fresh-400ml?extParam=src%3Dshop%26whid%3D13056835,https://images.tokopedia.net/img/cache/200-square/VqbcmM/2023/9/8/1af49f8b-3870-4d6a-80cd-7339a60b6e00.jpg,unilever
Buy 2 Dove Nourishing 825ml FREE Dove Pomegranate 400ml,Rp101.800,Cashback 5%,Dilayani Tokopedia,5.0,100+ terjual,Official Store,https://www.tokopedia.com/unilever/buy-2-dove-nourishing-825ml-free-dove-pomegranate-400ml?extParam=src%3Dshop%26whid%3D13056835,https://images.tokopedia.net/img/cache/200-square/VqbcmM/2023/9/6/249367dd-18f0-4928-8136-6927236ddba2.jpg,unilever
Pepsodent Valuepack 225gr Twinpack FREE Basket,Rp43.500,Cashback 5%,Dilayani Tokopedia,5.0,100+ terjual,Official Store,https://www.tokopedia.com/unilever/pepsodent-valuepack-225gr-twinpack-free-basket?extParam=whid%3D13056835%26src%3Dshop,https://images.tokopedia.net/img/cache/200-square/VqbcmM/2023/8/31/84f937a7-c213-4086-a9c0-674ae30d9c36.jpg,unilever
Buy 2 Pepsodent Mothwash Siwak 300ml FREE Canister LocknLock,Rp50.800,Cashback 5%,Dilayani Tokopedia,5.0,17 terjual,Official Store,https://www.tokopedia.com/unilever/buy-2-pepsodent-mothwash-siwak-300ml-free-canister-locknlock?extParam=src%3Dshop%26whid%3D13056835,https://images.tokopedia.net/img/cache/200-square/VqbcmM/2023/8/31/60d3832c-e522-4b59-aa8f-32aaeb5d1346.jpg,unilever
Vaseline Aloe Soothe 400Ml Twinpack FREE Vaseline Spf24 100Ml,Rp105.200,Cashback 5%,Dilayani Tokopedia,,7 terjual,Official Store,https://www.tokopedia.com/unilever/vaseline-aloe-soothe-400ml-twinpack-free-vaseline-spf24-100ml?extParam=src%3Dshop%26whid%3D13056835,https://images.tokopedia.net/img/cache/200-square/VqbcmM/2023/8/23/5fb65967-03f1-4939-ba92-8a3e73b8e8a1.jpg,unilever
Vaseline Soft Glow 180Ml + Firm Glow 180Ml FREE Vaseline Soft Glow,Rp64.100,Cashback 5%,Dilayani Tokopedia,4.0,9 terjual,Official Store,https://www.tokopedia.com/unilever/vaseline-soft-glow-180ml-firm-glow-180ml-free-vaseline-soft-glow?extParam=src%3Dshop%26whid%3D13056835,https://images.tokopedia.net/img/cache/200-square/VqbcmM/2023/8/23/abf3df49-4824-4990-9b81-cf2e0e0a6638.jpg,unilever
Buy 6 Lifebuoy Lemon Fresh 825ml Free Voucher Bobocabin 75k,Rp235.300,Cashback 5%,Dilayani Tokopedia,5.0,2 terjual,Official Store,https://www.tokopedia.com/unilever/buy-6-lifebuoy-lemon-fresh-825ml-free-voucher-bobocabin-75k?extParam=src%3Dshop%26whid%3D13056835,https://images.tokopedia.net/img/cache/200-square/VqbcmM/2023/8/23/5dccdcd9-bf5f-4dbf-8b06-932423cb6272.png,unilever
Rexona Men Anti-Perspirant Deodorant Roll On Sport Defence 45Ml,Rp19.400,,Dilayani Tokopedia,5.0,250+ terjual,Official Store,https://www.tokopedia.com/unilever/rexona-men-anti-perspirant-deodorant-roll-on-sport-defence-45ml?extParam=src%3Dshop%26whid%3D13056835,https://images.tokopedia.net/img/cache/200-square/VqbcmM/2023/8/31/b1865b97-942d-45d1-b007-e1bc1ef4ba9a.jpg,unilever
Rexona Men Anti-Perspirant Roll On Natural Fresh Charcoal Fresh 45Ml,Rp23.800,,Dilayani Tokopedia,5.0,100+ terjual,Official Store,https://www.tokopedia.com/unilever/rexona-men-anti-perspirant-roll-on-natural-fresh-charcoal-fresh-45ml?extParam=src%3Dshop%26whid%3D13056835,https://images.tokopedia.net/img/cache/200-square/VqbcmM/2023/8/31/1ee703e7-2719-43a0-9b0c-c0891ecfde4b.png,unilever
Rexona Men Anti-Perspirant Roll On Natural Fresh Lime Cool 45ml,Rp23.800,,Dilayani Tokopedia,5.0,90+ terjual,Official Store,https://www.tokopedia.com/unilever/rexona-men-anti-perspirant-roll-on-natural-fresh-lime-cool-45ml?extParam=src%3Dshop%26whid%3D13056835,https://images.tokopedia.net/img/cache/200-square/VqbcmM/2023/8/31/bfc66da2-e1c6-46b1-810a-54c951fb154b.png,unilever
Rexona Men Deodorant Anti-Perspirant Adventure Roll On 45Ml,Rp19.400,,Dilayani Tokopedia,5.0,100+ terjual,Official Store,https://www.tokopedia.com/unilever/rexona-men-deodorant-anti-perspirant-adventure-roll-on-45ml?extParam=src%3Dshop%26whid%3D13056835,https://images.tokopedia.net/img/cache/200-square/VqbcmM/2023/8/31/a2fc689b-c092-495c-b5ae-eef83cc88415.png,unilever
Rexona Men Deodorant Anti-Perspirant Roll On Activ-Bright 45Ml,Rp23.800,,Dilayani Tokopedia,5.0,70+ terjual,Official Store,https://www.tokopedia.com/unilever/rexona-men-deodorant-anti-perspirant-roll-on-activ-bright-45ml?extParam=src%3Dshop%26whid%3D13056835,https://images.tokopedia.net/img/cache/200-square/VqbcmM/2023/8/31/c4f08164-dde2-4a83-8cb8-9e03098dcd1d.png,unilever
Lux Bright Bluebell Niacinamide Body Wash Pump 580ml,Rp75.900,Cashback 5%,Dilayani Tokopedia,5.0,60+ terjual,Official Store,https://www.tokopedia.com/unilever/lux-bright-bluebell-niacinamide-body-wash-pump-580ml?extParam=src%3Dshop%26whid%3D13056835,https://images.tokopedia.net/img/cache/200-square/VqbcmM/2023/8/31/50860b0c-306e-434a-9fc3-cf64bd522318.png,unilever
Pepsodent Pencegah Gigi Berlubang Pasta Gigi White 225G Isi 4,Rp56.105,Cashback 5%,Dilayani Tokopedia,,,Official Store,https://www.tokopedia.com/unilever/pepsodent-pencegah-gigi-berlubang-pasta-gigi-white-225g-isi-4?extParam=src%3Dshop%26whid%3D13056835,https://images.tokopedia.net/img/cache/200-square/hDjmkQ/2023/8/8/de856c5c-2c9c-4a71-bb52-ebb07d6ddf3d.jpg,unilever
Buy 3 Rinso Matic Capsule Sakura + Buy 3 Rinso Matic Capsule Lavender,Rp255.800,Cashback 5%,Dilayani Tokopedia,5.0,100+ terjual,Official Store,https://www.tokopedia.com/unilever/buy-3-rinso-matic-capsule-sakura-buy-3-rinso-matic-capsule-lavender?extParam=src%3Dshop%26whid%3D13056835,https://images.tokopedia.net/img/cache/200-square/VqbcmM/2023/7/31/ed5cae9c-1e7b-4ed3-85cd-d4426830595c.jpg,unilever
Buy 2 Rinso Matic Capsule Sakura + Buy 2 Rinso Matic Capsule Lavender,Rp170.600,Cashback 5%,Dilayani Tokopedia,5.0,90+ terjual,Official Store,https://www.tokopedia.com/unilever/buy-2-rinso-matic-capsule-sakura-buy-2-rinso-matic-capsule-lavender?extParam=src%3Dshop%26whid%3D13056835,https://images.tokopedia.net/img/cache/200-square/VqbcmM/2023/8/29/3c3a1b2d-f5aa-4809-b8c6-b33dcc5a22fc.jpg,unilever
Buy 1 Rinso Matic Capsule Sakura + Buy 1 Rinso Matic Capsule Lavender,Rp85.300,Cashback 5%,Dilayani Tokopedia,5.0,100+ terjual,Official Store,https://www.tokopedia.com/unilever/buy-1-rinso-matic-capsule-sakura-buy-1-rinso-matic-capsule-lavender?extParam=whid%3D13056835%26src%3Dshop,https://images.tokopedia.net/img/cache/200-square/VqbcmM/2023/8/29/a9861a6b-3b7b-4e5c-a3fc-c240bb2220d3.jpg,unilever
Buy Sunsilk Black Shine Shampoo 900 ml Refill Pouch FREE Sunsilk Condi,Rp95.100,Cashback 5%,Dilayani Tokopedia,5.0,14 terjual,Official Store,https://www.tokopedia.com/unilever/buy-sunsilk-black-shine-shampoo-900-ml-refill-pouch-free-sunsilk-condi?extParam=src%3Dshop%26whid%3D13056835,https://images.tokopedia.net/img/cache/200-square/VqbcmM/2023/8/31/62e6cc22-c657-4c03-8cc3-9c99b784bcb6.jpg,unilever
Buy 1 Lifebuoy Shampoo Strong and Shiny 680 ml Free Polly Pocket,Rp52.400,Cashback 5%,Dilayani Tokopedia,5.0,50+ terjual,Official Store,https://www.tokopedia.com/unilever/buy-1-lifebuoy-shampoo-strong-and-shiny-680-ml-free-polly-pocket?extParam=src%3Dshop%26whid%3D13056835,https://images.tokopedia.net/img/cache/200-square/VqbcmM/2023/8/31/08fff512-526d-4cd7-b048-0b932cabdecd.jpg,unilever
Buy 1 Lifebuoy Anti Dandruff 680ml FREE Lifebuoy Hair Mist 60ml,Rp52.400,Cashback 5%,Dilayani Tokopedia,5.0,30+ terjual,Official Store,https://www.tokopedia.com/unilever/buy-1-lifebuoy-anti-dandruff-680ml-free-lifebuoy-hair-mist-60ml?extParam=src%3Dshop%26whid%3D13056835,https://images.tokopedia.net/img/cache/200-square/VqbcmM/2023/8/31/b6cc517c-73c5-45ee-a3a4-b6b7b3e4675c.jpg,unilever
Buy 2 Rexona Free Spirit Get 2 Lifebuoy Lemon Fresh 90ml,Rp38.200,Cashback 5%,Dilayani Tokopedia,5.0,40+ terjual,Official Store,https://www.tokopedia.com/unilever/buy-2-rexona-free-spirit-get-2-lifebuoy-lemon-fresh-90ml?extParam=src%3Dshop%26whid%3D13056835,https://images.tokopedia.net/img/cache/200-square/VqbcmM/2023/8/31/595fb3b7-6136-4c6e-99d7-98ebcc494e51.jpg,unilever
LBP Body Mist Fragrance Rose&Coconut 100ML FREE Bango Kecap 210ml,Rp81.700,Cashback 5%,Dilayani Tokopedia,5.0,9 terjual,Official Store,https://www.tokopedia.com/unilever/lbp-body-mist-fragrance-rose-coconut-100ml-free-bango-kecap-210ml?extParam=src%3Dshop%26whid%3D13056835,https://images.tokopedia.net/img/cache/200-square/hDjmkQ/2023/7/25/4bd26fb3-4828-4e7f-8b87-e3af30a77f8c.jpg,unilever
Molto Trika Biru 400Ml Isi 3,Rp25.400,,Dilayani Tokopedia,5.0,750+ terjual,Official Store,https://www.tokopedia.com/unilever/molto-trika-biru-400ml-isi-3?extParam=src%3Dshop%26whid%3D13056835,https://images.tokopedia.net/img/cache/200-square/VqbcmM/2023/11/2/57cde555-6e43-440e-a43e-74fdbf040e9b.png,unilever
Ponds Vitamin Micellar Water Rose 235Ml Isi 2 FREE Sun Serum SPF35,Rp103.800,Cashback 5%,Dilayani Tokopedia,5.0,1 terjual,Official Store,https://www.tokopedia.com/unilever/ponds-vitamin-micellar-water-rose-235ml-isi-2-free-sun-serum-spf35?extParam=src%3Dshop%26whid%3D13056835,https://images.tokopedia.net/img/cache/200-square/VqbcmM/2023/7/20/d5ac9706-ee4b-499d-b843-f5396eafc302.jpg,unilever
Ponds Age Miracle Ultimate Youth Essence 30G FREE Ponds Age Cleanser,Rp217.100,Cashback 5%,Dilayani Tokopedia,5.0,19 terjual,Official Store,https://www.tokopedia.com/unilever/ponds-age-miracle-ultimate-youth-essence-30g-free-ponds-age-cleanser?extParam=src%3Dshop%26whid%3D13056835,https://images.tokopedia.net/img/cache/200-square/VqbcmM/2023/7/20/82e4624e-bff5-4041-bf61-234248275c4d.jpg,unilever
"Ponds Sun Serum SPF35 Twinpack FREE Ponds Power Serum 7,5gr",Rp56.900,Cashback 5%,Dilayani Tokopedia,5.0,8 terjual,Official Store,https://www.tokopedia.com/unilever/ponds-sun-serum-spf35-twinpack-free-ponds-power-serum-7-5gr?extParam=whid%3D13056835%26src%3Dshop,https://images.tokopedia.net/img/cache/200-square/VqbcmM/2023/7/31/b3bfd7f9-df44-4d20-b373-7fcc1ab8389c.jpg,unilever
Ponds Age Miracle Youthful Glow 30Ml FREE Ponds Age Miracle Cleanser,Rp235.900,Cashback 5%,Dilayani Tokopedia,5.0,20 terjual,Official Store,https://www.tokopedia.com/unilever/ponds-age-miracle-youthful-glow-30ml-free-ponds-age-miracle-cleanser?extParam=whid%3D13056835%26src%3Dshop,https://images.tokopedia.net/img/cache/200-square/VqbcmM/2023/7/20/468fa151-136b-4c88-8346-906c57f94ff8.jpg,unilever
Ponds Bright Beauty Triple Glow Serum 30g FREE Ponds Sun Serum SPF35,Rp102.300,Cashback 5%,Dilayani Tokopedia,5.0,30+ terjual,Official Store,https://www.tokopedia.com/unilever/ponds-bright-beauty-triple-glow-serum-30g-free-ponds-sun-serum-spf35?extParam=src%3Dshop%26whid%3D13056835,https://images.tokopedia.net/img/cache/200-square/VqbcmM/2023/7/20/2fed81e3-29a6-455c-9ba9-c5124f2d7bb9.jpg,unilever
"Ponds Sun Serum SPF35 FREE Ponds Power Serum 7,5gr",Rp28.500,,Dilayani Tokopedia,5.0,50+ terjual,Official Store,https://www.tokopedia.com/unilever/ponds-sun-serum-spf35-free-ponds-power-serum-7-5gr?extParam=src%3Dshop%26whid%3D13056835,https://images.tokopedia.net/img/cache/200-square/VqbcmM/2023/7/20/c1196ee0-ef9b-4374-a14a-4a12bf64a474.jpg,unilever
LBP Rice Oil&Angelica Body Serum 185ml FREE LBP Conditioner 380ml,Rp85.500,Cashback 5%,Dilayani Tokopedia,5.0,1 terjual,Official Store,https://www.tokopedia.com/unilever/lbp-rice-oil-angelica-body-serum-185ml-free-lbp-conditioner-380ml?extParam=src%3Dshop%26whid%3D13056835,https://images.tokopedia.net/img/cache/200-square/VqbcmM/2023/9/9/59f75754-119d-4633-965a-e42d50c1ac9f.jpg,unilever
LBP Body Mist Rose & Coconut 100ML Twinpack FREE LBP Body Mist 100ml,Rp163.300,Cashback 5%,Dilayani Tokopedia,,,Official Store,https://www.tokopedia.com/unilever/lbp-body-mist-rose-coconut-100ml-twinpack-free-lbp-body-mist-100ml?extParam=src%3Dshop%26whid%3D13056835,https://images.tokopedia.net/img/cache/200-square/VqbcmM/2023/9/8/f36dbfe9-3a82-4224-9ab5-68b9f24b7f5b.jpg,unilever
LBP Rice Oil Body Serum 185ml Isi 2 FREE LBP Conditioner 380ml,Rp171.000,Cashback 5%,Dilayani Tokopedia,5.0,1 terjual,Official Store,https://www.tokopedia.com/unilever/lbp-rice-oil-body-serum-185ml-isi-2-free-lbp-conditioner-380ml?extParam=src%3Dshop%26whid%3D13056835,https://images.tokopedia.net/img/cache/200-square/VqbcmM/2023/9/8/9e886538-42e4-4bff-8b68-9a4bba972ebb.jpg,unilever
LBP Rice Oil&Angelica Body Wash 380ml Isi 2 FREE LBP Conditioner 400ml,Rp160.300,Cashback 5%,Dilayani Tokopedia,,4 terjual,Official Store,https://www.tokopedia.com/unilever/lbp-rice-oil-angelica-body-wash-380ml-isi-2-free-lbp-conditioner-400ml?extParam=src%3Dshop%26whid%3D13056835,https://images.tokopedia.net/img/cache/200-square/VqbcmM/2023/9/8/c8e81ca0-5c13-44c4-9ceb-e8e4789d03cf.jpg,unilever
Molto Softener Konsentrat Pelembut Dan Pewangi Pakaian Pure 1L,Rp37.400,Cashback 5%,Dilayani Tokopedia,4.8,100+ terjual,Official Store,https://www.tokopedia.com/unilever/molto-softener-konsentrat-pelembut-dan-pewangi-pakaian-pure-1l?extParam=src%3Dshop%26whid%3D13056835,https://images.tokopedia.net/img/cache/200-square/VqbcmM/2023/10/6/2449499e-4eb8-4f2a-9a47-9491ee2bfc1a.jpg,unilever
Lifebuoy Shampoo Kuat & Berkilau 430ml,Rp42.000,Cashback 5%,Dilayani Tokopedia,5.0,250+ terjual,Official Store,https://www.tokopedia.com/unilever/lifebuoy-shampoo-kuat-berkilau-430ml?extParam=src%3Dshop%26whid%3D13056835,https://images.tokopedia.net/img/cache/200-square/VqbcmM/2023/7/28/4b83b5b4-3a0a-4a46-8dca-61900d86b161.jpg,unilever
Zwitsal Baby Bath Aloe Vera 450Ml Twinpack FREE Baby Diaper Cream 50gr,Rp73.200,Cashback 5%,Dilayani Tokopedia,5.0,70+ terjual,Official Store,https://www.tokopedia.com/unilever/zwitsal-baby-bath-aloe-vera-450ml-twinpack-free-baby-diaper-cream-50gr?extParam=src%3Dshop%26whid%3D13056835,https://images.tokopedia.net/img/cache/200-square/VqbcmM/2023/7/17/135781a3-0b54-4b22-adc4-df8a970b8986.jpg,unilever
Buy 1 Lifebuoy Sabun Cuci Piring Refill 680ML FREE Sponge Scotch Brite,Rp9.200,,Dilayani Tokopedia,4.9,1rb+ terjual,Official Store,https://www.tokopedia.com/unilever/buy-1-lifebuoy-sabun-cuci-piring-refill-680ml-free-sponge-scotch-brite?extParam=src%3Dshop%26whid%3D13056835,https://images.tokopedia.net/img/cache/200-square/VqbcmM/2023/7/13/d514d804-e8e2-48bc-b2cb-ebacc650b200.png,unilever
Buy 2 Close Up Korea Everfresh Eucalyptus free Kim Mingue Totebag,Rp57.100,Cashback 5%,Dilayani Tokopedia,5.0,40+ terjual,Official Store,https://www.tokopedia.com/unilever/buy-2-close-up-korea-everfresh-eucalyptus-free-kim-mingue-totebag?extParam=src%3Dshop%26whid%3D13056835,https://images.tokopedia.net/img/cache/200-square/VqbcmM/2023/7/13/f43aeb70-f4de-4ebf-a435-2ec34898bec4.jpg,unilever
Buy 2 Close Up Korea Everfresh Spearmint free Kim Mingue Totebag,Rp57.100,Cashback 5%,Dilayani Tokopedia,5.0,80+ terjual,Official Store,https://www.tokopedia.com/unilever/buy-2-close-up-korea-everfresh-spearmint-free-kim-mingue-totebag?extParam=src%3Dshop%26whid%3D13056835,https://images.tokopedia.net/img/cache/200-square/VqbcmM/2023/7/13/6d118323-49f8-4f94-8614-5f7d60f4ba86.jpg,unilever
Buy 2 Lifebuoy Shampoo Anti Hairfall 170ml Free Scrunchie,Rp45.900,Cashback 5%,Dilayani Tokopedia,5.0,40+ terjual,Official Store,https://www.tokopedia.com/unilever/buy-2-lifebuoy-shampoo-anti-hairfall-170ml-free-scrunchie?extParam=src%3Dshop%26whid%3D13056835,https://images.tokopedia.net/img/cache/200-square/VqbcmM/2023/7/13/47a4bd30-5516-4a4e-b108-e7ba8b2e67b7.jpg,unilever
Buy 2 Lifebuoy Shampoo Refresh n Cool 155ml Free Scrunchie,Rp45.900,Cashback 5%,Dilayani Tokopedia,5.0,70+ terjual,Official Store,https://www.tokopedia.com/unilever/buy-2-lifebuoy-shampoo-refresh-n-cool-155ml-free-scrunchie?extParam=src%3Dshop%26whid%3D13056835,https://images.tokopedia.net/img/cache/200-square/VqbcmM/2023/7/13/43f817d2-3efb-459a-a735-b3db4aad39d1.jpg,unilever
Buy 2 Sunsilk Black Shine 900ml FREE Sunsilk Rambut Rontok 300 ML,Rp190.200,Cashback 5%,Dilayani Tokopedia,5.0,17 terjual,Official Store,https://www.tokopedia.com/unilever/buy-2-sunsilk-black-shine-900ml-free-sunsilk-rambut-rontok-300-ml?extParam=src%3Dshop%26whid%3D13056835,https://images.tokopedia.net/img/cache/200-square/VqbcmM/2023/7/13/bd05a7ba-e363-49cb-9d4b-ed2d34cc6cab.jpg,unilever
Buy 2 Sunsilk Black Shine 900ML FREE Ponds Rose Micellar Water 100ML,Rp190.200,Cashback 5%,Dilayani Tokopedia,5.0,4 terjual,Official Store,https://www.tokopedia.com/unilever/buy-2-sunsilk-black-shine-900ml-free-ponds-rose-micellar-water-100ml?extParam=src%3Dshop%26whid%3D13056835,https://images.tokopedia.net/img/cache/200-square/VqbcmM/2023/7/13/28536607-e162-4868-aec4-219d6b8ec9ac.jpg,unilever
Buy 2 Rexona Hijab Natural Peach & Mint Cool FREE Sunsilk Hijab 160ml,Rp46.800,Cashback 5%,Dilayani Tokopedia,5.0,50+ terjual,Official Store,https://www.tokopedia.com/unilever/buy-2-rexona-hijab-natural-peach-mint-cool-free-sunsilk-hijab-160ml?extParam=src%3Dshop%26whid%3D13056835,https://images.tokopedia.net/img/cache/200-square/VqbcmM/2023/7/13/bb8892fd-27d9-47ab-ab3a-9537be26d069.png,unilever
Buy 2 Sunsilk Black Shine 900 ml Refill Pouch FREE Sunsilk 300 ML,Rp190.200,Cashback 5%,Dilayani Tokopedia,5.0,8 terjual,Official Store,https://www.tokopedia.com/unilever/buy-2-sunsilk-black-shine-900-ml-refill-pouch-free-sunsilk-300-ml?extParam=src%3Dshop%26whid%3D13056835,https://images.tokopedia.net/img/cache/200-square/VqbcmM/2023/7/13/3e024bfa-5ee6-4b1e-b2d7-a747cb4c31cb.jpg,unilever
Bango Less Sugar 520ml Multipack,Rp79.000,Cashback 5%,Dilayani Tokopedia,4.9,40+ terjual,Official Store,https://www.tokopedia.com/unilever/bango-less-sugar-520ml-multipack?extParam=src%3Dshop%26whid%3D13056835,https://images.tokopedia.net/img/cache/200-square/VqbcmM/2023/9/25/d839a81e-4619-4188-a762-d8e0cca6f8bb.jpg,unilever
Bango Less Sugar 520ml Twinpack,Rp53.700,Cashback 5%,Dilayani Tokopedia,5.0,70+ terjual,Official Store,https://www.tokopedia.com/unilever/bango-less-sugar-520ml-twinpack?extParam=src%3Dshop%26whid%3D13056835,https://images.tokopedia.net/img/cache/200-square/VqbcmM/2023/9/25/08ef9da7-6e30-400c-9f09-8146100007e6.jpg,unilever
Bango Less Sugar 520ML Kecap Rendah Gula,Rp27.300,,Dilayani Tokopedia,4.9,250+ terjual,Official Store,https://www.tokopedia.com/unilever/bango-less-sugar-520ml-kecap-rendah-gula?extParam=whid%3D13056835%26src%3Dshop,https://images.tokopedia.net/img/cache/200-square/VqbcmM/2023/9/25/9407a7eb-a423-464d-b85d-c12213632b62.jpg,unilever
[NOT FOR SALE] LBP Body Mist Lavender & Vanilla 100 ML FREE,Rp100.000,Cashback 5%,Dilayani Tokopedia,,,Official Store,https://www.tokopedia.com/unilever/not-for-sale-lbp-body-mist-lavender-vanilla-100-ml-free?extParam=whid%3D13056835%26src%3Dshop,https://images.tokopedia.net/img/cache/200-square/VqbcmM/2023/9/9/850cc159-4748-497a-9558-49295cc218b8.jpg,unilever
[NOT FOR SALE] LBP Body Mist Rose & Coconut 100 ML FREE,Rp100.000,Diskon Bundling 99%,Dilayani Tokopedia,5.0,17 terjual,Official Store,https://www.tokopedia.com/unilever/not-for-sale-lbp-body-mist-rose-coconut-100-ml-free?extParam=src%3Dshop%26whid%3D13056835,https://images.tokopedia.net/img/cache/200-square/VqbcmM/2023/9/9/a69ba678-10b7-4fd8-b3e8-efb0622b0eab.jpg,unilever
[NOT FOR SALE] LBP Hair Conditioner Volume & Bounty 400ML FREE,Rp100.000,Cashback 5%,Dilayani Tokopedia,5.0,30+ terjual,Official Store,https://www.tokopedia.com/unilever/not-for-sale-lbp-hair-conditioner-volume-bounty-400ml-free?extParam=whid%3D13056835%26src%3Dshop,https://images.tokopedia.net/img/cache/200-square/VqbcmM/2023/9/9/3ff335e6-35c9-4232-8df3-fbc038ddff53.jpg,unilever
[NOT FOR SALE] LBP Hair Conditioner Soft & Nourish 380ML FREE,Rp100.000,Diskon Bundling 99%,Dilayani Tokopedia,5.0,40+ terjual,Official Store,https://www.tokopedia.com/unilever/not-for-sale-lbp-hair-conditioner-soft-nourish-380ml-free?extParam=whid%3D13056835%26src%3Dshop,https://images.tokopedia.net/img/cache/200-square/VqbcmM/2023/9/9/998a2458-24b0-4b73-8272-b5618a134f8a.jpg,unilever
Bango Less Sugar 520ml Twinpack FREE Fiber Creme 100 gr,Rp53.700,Cashback 5%,Dilayani Tokopedia,5.0,50+ terjual,Official Store,https://www.tokopedia.com/unilever/bango-less-sugar-520ml-twinpack-free-fiber-cr-me-100-gr?extParam=src%3Dshop%26whid%3D13056835,https://images.tokopedia.net/img/cache/200-square/VqbcmM/2023/9/25/ef37edb8-1c0a-45b8-9623-03d26c2c4a82.jpg,unilever
Closeup Korea Everfresh Spearmint free Exclusive Kim Mingue Pouch,Rp57.100,Cashback 5%,Dilayani Tokopedia,5.0,30+ terjual,Official Store,https://www.tokopedia.com/unilever/closeup-korea-everfresh-spearmint-free-exclusive-kim-mingue-pouch?extParam=src%3Dshop%26whid%3D13056835,https://images.tokopedia.net/img/cache/200-square/VqbcmM/2023/7/6/7f64af58-0ac8-4327-b148-8e21c860ed05.jpg,unilever
Closeup Korea Everfresh Eucalyptus free Exclusive Kim Mingue Pouch,Rp57.100,Cashback 5%,Dilayani Tokopedia,5.0,30+ terjual,Official Store,https://www.tokopedia.com/unilever/closeup-korea-everfresh-eucalyptus-free-exclusive-kim-mingue-pouch?extParam=src%3Dshop%26whid%3D13056835,https://images.tokopedia.net/img/cache/200-square/VqbcmM/2023/7/6/09f12fd8-2b75-4e13-86db-0263016180fb.jpg,unilever
Rinso Matic Detergen Cair Mesin Cuci Bukaan Atas 700mL ,Rp20.182,,Dilayani Tokopedia,4.9,750+ terjual,Official Store,https://www.tokopedia.com/unilever/rinso-matic-detergen-cair-mesin-cuci-bukaan-atas-700ml?extParam=src%3Dshop%26whid%3D13056835,https://images.tokopedia.net/img/cache/200-square/VqbcmM/2023/9/22/63fb0ec8-0932-4e40-b759-173a7e8e40e0.png,unilever
Buy 1 Bango Kecap Manis 735ml FREE Kuas,Rp31.300,Cashback 5%,Dilayani Tokopedia,5.0,100+ terjual,Official Store,https://www.tokopedia.com/unilever/buy-1-bango-kecap-manis-735ml-free-kuas?extParam=src%3Dshop%26whid%3D13056835,https://images.tokopedia.net/img/cache/200-square/VqbcmM/2023/6/22/0171fd0e-05a4-40fe-9ffa-5a7f559902d0.jpg,unilever
Sunlight Sabun Cuci Piring Extra Lembut 650mL Isi 6,Rp77.700,Cashback 5%,Dilayani Tokopedia,5.0,500+ terjual,Official Store,https://www.tokopedia.com/unilever/sunlight-sabun-cuci-piring-extra-lembut-650ml-isi-6?extParam=src%3Dshop%26whid%3D13056835,https://images.tokopedia.net/img/cache/200-square/VqbcmM/2023/10/23/1e95a690-2da2-450e-b2b7-98e17a3e8f2f.png,unilever
Sunlight Sabun Cuci Piring Extra Lembut 650mL Isi 4,Rp51.800,Cashback 5%,Dilayani Tokopedia,5.0,250+ terjual,Official Store,https://www.tokopedia.com/unilever/sunlight-sabun-cuci-piring-extra-lembut-650ml-isi-4?extParam=src%3Dshop%26whid%3D13056835,https://images.tokopedia.net/img/cache/200-square/VqbcmM/2023/10/23/62c99fa4-9403-4154-afaa-0689dc6708e9.png,unilever
Buy 3 Sunlight Ekstra Lembut + Buy 1 Vaseline Lotion Health Bright UV ,Rp54.300,Cashback 5%,Dilayani Tokopedia,4.9,100+ terjual,Official Store,https://www.tokopedia.com/unilever/buy-3-sunlight-ekstra-lembut-buy-1-vaseline-lotion-health-bright-uv?extParam=src%3Dshop%26whid%3D13056835,https://images.tokopedia.net/img/cache/200-square/VqbcmM/2023/6/22/6c4f2d17-72e3-4bbf-ae09-52783aa71e58.jpg,unilever
Buy 2 Rinso Micellar FREE Dove Micellar Shampoo Deep Cleanse 190ml,Rp71.000,Cashback 5%,Dilayani Tokopedia,5.0,40+ terjual,Official Store,https://www.tokopedia.com/unilever/buy-2-rinso-micellar-free-dove-micellar-shampoo-deep-cleanse-190ml?extParam=src%3Dshop%26whid%3D13056835,https://images.tokopedia.net/img/cache/200-square/VqbcmM/2023/6/22/19eac02f-0b54-41b0-8be7-d3a146a74fef.jpg,unilever
Buy 2 Sunlight Jeruk Nipis 1500mL Free 1 Marjan,Rp59.900,Cashback 5%,Dilayani Tokopedia,5.0,1rb+ terjual,Official Store,https://www.tokopedia.com/unilever/buy-2-sunlight-jeruk-nipis-1500ml-free-1-marjan?extParam=src%3Dshop%26whid%3D13056835,https://images.tokopedia.net/img/cache/200-square/VqbcmM/2023/6/15/1abe804f-aea8-4461-9ac7-fae9cff9f253.jpg,unilever
BUAVITA Jus Buah Korean White Peach Minuman Kaya Vitamin C 245 Isi 6,Rp55.700,Cashback 5%,Dilayani Tokopedia,5.0,12 terjual,Official Store,https://www.tokopedia.com/unilever/buavita-jus-buah-korean-white-peach-minuman-kaya-vitamin-c-245-isi-6?extParam=src%3Dshop%26whid%3D13056835,https://images.tokopedia.net/img/cache/200-square/VqbcmM/2023/6/13/faecb430-23a1-4cd6-b9e9-a275eb83e560.jpg,unilever
BUAVITA Jus Buah Korean White Peach Minuman Kaya Vitamin C 245 Isi 4,Rp37.200,Cashback 5%,Dilayani Tokopedia,5.0,22 terjual,Official Store,https://www.tokopedia.com/unilever/buavita-jus-buah-korean-white-peach-minuman-kaya-vitamin-c-245-isi-4?extParam=src%3Dshop%26whid%3D13056835,https://images.tokopedia.net/img/cache/200-square/VqbcmM/2023/6/13/ec16de7f-f573-4dde-b98f-307a7b1055c7.jpg,unilever
BUAVITA Jus Buah Korean White Peach Minuman Kaya Vitamin C 245 Isi 3,Rp27.900,,Dilayani Tokopedia,5.0,18 terjual,Official Store,https://www.tokopedia.com/unilever/buavita-jus-buah-korean-white-peach-minuman-kaya-vitamin-c-245-isi-3?extParam=src%3Dshop%26whid%3D13056835,https://images.tokopedia.net/img/cache/200-square/VqbcmM/2023/6/13/4c2b615c-1898-42c6-a9ed-f03c850ab9d2.jpg,unilever
BUAVITA Jus Korean White Peach Minuman Kaya Vitamin C 245ml Twinpack,Rp18.900,,Dilayani Tokopedia,5.0,30+ terjual,Official Store,https://www.tokopedia.com/unilever/buavita-jus-korean-white-peach-minuman-kaya-vitamin-c-245ml-twinpack?extParam=src%3Dshop%26whid%3D13056835,https://images.tokopedia.net/img/cache/200-square/VqbcmM/2023/6/13/3ae02f34-b74c-4948-85b0-1e908d09dc5a.jpg,unilever
Buy 2 Glow & Lovely UV Krim Vit C & Niacinamide Sunscreen Get Pouch,Rp41.800,Cashback 5%,Dilayani Tokopedia,5.0,17 terjual,Official Store,https://www.tokopedia.com/unilever/buy-2-glow-lovely-uv-krim-vit-c-niacinamide-sunscreen-get-pouch?extParam=src%3Dshop%26whid%3D13056835,https://images.tokopedia.net/img/cache/200-square/VqbcmM/2023/6/8/e2da4349-0c79-47db-b541-4d845d9c8025.jpg,unilever
Buy 2 Glow & Lovely Facial Foam 100G Get 1 Glow & Lovely Cream 20G,Rp56.500,Cashback 5%,Dilayani Tokopedia,5.0,30+ terjual,Official Store,https://www.tokopedia.com/unilever/buy-2-glow-lovely-facial-foam-100g-get-1-glow-lovely-cream-20g?extParam=src%3Dshop%26whid%3D13056835,https://images.tokopedia.net/img/cache/200-square/VqbcmM/2023/6/8/902e77cc-9f9d-4770-9cf7-c10c7fd4ad60.jpg,unilever
Buy 2 Pepsodent Sensitive Mineral Expert 100g FREE Dove Shampoo 125ml,Rp64.300,Cashback 5%,Dilayani Tokopedia,5.0,70+ terjual,Official Store,https://www.tokopedia.com/unilever/buy-2-pepsodent-sensitive-mineral-expert-100g-free-dove-shampoo-125ml?extParam=src%3Dshop%26whid%3D13056835,https://images.tokopedia.net/img/cache/200-square/VqbcmM/2023/6/15/b9f9966f-348b-4970-af61-477ac0456439.png,unilever
Buy 2 Glow & Lovely Sunscreen 40gr Get 1 Glow & Lovely Facial Foam 50G,Rp74.700,Cashback 5%,Dilayani Tokopedia,5.0,21 terjual,Official Store,https://www.tokopedia.com/unilever/buy-2-glow-lovely-sunscreen-40gr-get-1-glow-lovely-facial-foam-50g?extParam=src%3Dshop%26whid%3D13056835,https://images.tokopedia.net/img/cache/200-square/VqbcmM/2023/6/8/f9f9ed49-a17a-4a2c-923f-80e843918d52.jpg,unilever
Buy 2 Ponds Bright Beauty Cream 40G Get 1 Ponds UV Protect Sun Serum,Rp108.100,Cashback 5%,Dilayani Tokopedia,5.0,30+ terjual,Official Store,https://www.tokopedia.com/unilever/buy-2-ponds-bright-beauty-cream-40g-get-1-ponds-uv-protect-sun-serum?extParam=src%3Dshop%26whid%3D13056835,https://images.tokopedia.net/img/cache/200-square/VqbcmM/2023/6/8/abf4a99c-1a6e-496b-b56e-7116ae769710.jpg,unilever
